Market A,Market B,Market C,P1,P2,P3,Profit(%)
BTC,ETH,BNT,0.020875,0.000988,2.049e-05,-0.6521370215035516
BTC,ETH,IOTX,0.020876,1.373e-05,2.9e-07,1.1766213065125486
BTC,ETH,DOCK,0.020878,2.544e-05,5.4e-07,1.6688145145110855
BTC,ETH,POWR,0.020881,0.00040062,8.34e-06,-0.30299068721630906
BTC,ETH,LSK,0.020878,0.005633,0.0001174,-0.17496930040187264
BTC,ETH,BQX,0.020881,0.0001403,2.94e-06,0.3548499706939934
BTC,ETH,ZEC,0.020877,0.21272,0.004451,0.22618015730417884
BTC,ETH,AGI,0.020874,6.884e-05,1.43e-06,-0.4847824669719447
BTC,ETH,NEBL,0.020877,0.002182,4.562e-05,0.14573157686239568
BTC,ETH,RDN,0.020879,0.0005383,1.121e-05,-0.25950057841038765
BTC,ETH,IOST,0.020882,1.768e-05,3.6e-07,-2.4902262703465072
BTC,ETH,MTL,0.020877,0.001425,2.969e-05,-0.20075815826868793
BTC,ETH,DASH,0.020882,0.3676,0.007673,-0.04198939916182365
BTC,ETH,CMT,0.020882,4.399e-05,9.3e-07,1.2411093160348718
BTC,ETH,QTUM,0.020882,0.007648,0.0001601,0.24699456880441506
BTC,ETH,BAT,0.020882,0.00100399,2.094e-05,-0.12076696654422792
BTC,ETH,ADX,0.020882,0.0004088,8.44e-06,-1.1311533205594082
BTC,ETH,LRC,0.020882,0.00019166,4e-06,-0.05607154218270072
BTC,ETH,EOS,0.020882,0.01301,0.0002715,-0.0643489889861959
BTC,ETH,ZIL,0.020882,5.307e-05,1.11e-06,0.16172599552499722
BTC,ETH,DATA,0.020882,0.00036707,7.65e-06,-0.1977225318581799
BTC,ETH,STORM,0.020882,5.75e-06,1.3e-07,8.2688231595341
BTC,ETH,AE,0.020882,0.000511,1.063e-05,-0.3814369476347501
BTC,ETH,WAVES,0.020882,0.005233,0.0001093,0.02241490421468484
BTC,ETH,ARK,0.020882,0.000967,2.004e-05,-0.7571673480779917
BTC,ETH,LEND,0.020882,0.0003256,6.78e-06,-0.28208110767251604
BTC,ETH,NULS,0.020882,0.00107734,2.225e-05,-1.097985187356798
BTC,ETH,OMG,0.020882,0.005127,0.0001077,0.5959032304398981
BTC,ETH,STORJ,0.020882,0.0005361,1.117e-05,-0.22188972380329242
BTC,ETH,GNT,0.020882,0.00022022,4.59e-06,-0.18775227436884645
BTC,ETH,XLM,0.020882,0.00034269,7.17e-06,0.19490382224105485
BTC,ETH,GTO,0.020882,2.819e-05,5.8e-07,-1.4717370488590564
BTC,ETH,WAN,0.020882,0.000762,1.596e-05,0.30112963204569354
BTC,ETH,BCD,0.020882,0.00268,5.616e-05,0.3506554956278718
BTC,ETH,ETC,0.020882,0.030973,0.000647,0.03429521972158067
BTC,ETH,ELF,0.020882,0.00034528,7.19e-06,-0.2792867890265449
BTC,ETH,XMR,0.020882,0.32205,0.006733,0.11824302044769475
BTC,ETH,VET,0.020882,2.237e-05,4.6e-07,-1.5264133774740563
BTC,ETH,MANA,0.020882,0.00019013,3.94e-06,-0.7630330389634121
BTC,ETH,XRP,0.020882,0.00100831,2.103e-05,-0.1212480555143447
BTC,ETH,TRX,0.020882,7.538e-05,1.58e-06,0.3757636594452052
BTC,ETH,ZRX,0.020882,0.00174932,3.634e-05,-0.518214799506922
BTC,ETH,ADA,0.020882,0.00025302,5.28e-06,-0.06744765924689977
BTC,ETH,ICX,0.020882,0.001332,2.785e-05,0.12646493826455885
BTC,ETH,LOOM,0.020882,6.873e-05,1.43e-06,-0.3636975870721315
BTC,ETH,EDO,0.020882,0.000997,2.084e-05,0.09916734207986444
BTC,ETH,ONT,0.020882,0.002387,4.98e-05,-0.09094933539818273
BTC,ETH,KNC,0.020882,0.0031954,6.64e-05,-0.48907640716675527
BTC,ETH,LINK,0.020882,0.01887248,0.00039355,-0.13832380107102749
BTC,ETH,LTC,0.020882,0.21621,0.004512,-0.06417023154294821
BTC,ETH,SNT,0.020882,0.00014592,3.04e-06,-0.23305558216009103
BTC,ETH,MCO,0.020882,0.027947,0.0005814,-0.3751361055733149
BTC,ETH,QLC,0.020882,4.766e-05,1e-06,0.47866831842877655
BTC,ETH,ZEN,0.020882,0.0269,0.0005606,-0.20041806874459
BTC,ETH,GXS,0.020882,0.002434,5.032e-05,-0.9970883857543744
BTC,ETH,STRAT,0.020882,0.001517,3.198e-05,0.9533621352412647
BTC,ETH,AION,0.020882,0.000418,8.74e-06,0.12973330663206273
BTC,ETH,HOT,0.020882,2.58e-06,6e-08,11.367751908286428
BTC,ETH,KMD,0.020882,0.002664,5.54e-05,-0.4128158423724049
BTC,ETH,CDT,0.020882,1.721e-05,3.5e-07,-2.6098392667222137
BTC,ETH,BRD,0.020882,0.0005178,1.081e-05,-0.024966937951376167
BTC,ETH,SC,0.020882,1.042e-05,2.1e-07,-3.488406935525301
BTC,ETH,ENJ,0.020882,0.00080024,1.674e-05,0.17586621341438846
BTC,ETH,NAS,0.020882,0.00137,2.85e-05,-0.3787007564926892
BTC,ETH,XZC,0.020882,0.019944,0.0004176,0.271181682045607
BTC,ETH,NANO,0.020882,0.003452,7.19e-05,-0.2561765426277285
BTC,ETH,GRS,0.020882,0.00071553,1.477e-05,-1.1491161593898513
BTC,ETH,GVT,0.020882,0.003832,7.97e-05,-0.3996809590583572
BTC,ETH,REP,0.020882,0.06503,0.001356,-0.14407383871498647
BTC,ETH,IOTA,0.020882,0.00104424,2.178e-05,-0.11840728933333322
BTC,ETH,VIB,0.020882,6.037e-05,1.28e-06,1.5352172441955414
BTC,ETH,CVC,0.020882,0.00010209,2.14e-06,0.382608782451932
BTC,ETH,SKY,0.020882,0.00221,4.619e-05,0.0883655238376635
BTC,ETH,BNB,0.020882,0.080399,0.0016798,0.05408817507928099
BTC,ETH,PIVX,0.020882,0.001307,2.723e-05,-0.23000227093077363
BTC,ETH,THETA,0.020882,0.00089721,1.87e-05,-0.18968880256224896
BTC,ETH,PPT,0.020882,0.001442,3.012e-05,0.027085687611827503
BTC,ETH,QKC,0.020882,1.364e-05,2.9e-07,1.8149462094084745
BTC,ETH,MDA,0.020882,0.0017372,3.614e-05,-0.3754813374883259
BTC,ETH,FUN,0.020882,1.378e-05,2.9e-07,0.7805418212141868
BTC,ETH,STEEM,0.020882,0.000878,1.831e-05,-0.13306137818775987
BTC,ETH,QSP,0.020882,5.032e-05,1.05e-06,-0.07444358785509975
BTC,ETH,XVG,0.020882,1.677e-05,3.5e-07,-0.05458162076861228
BTC,ETH,BLZ,0.020882,7.1e-05,1.48e-06,-0.17684885291059382
BTC,ETH,OST,0.020882,3.237e-05,6.7e-07,-0.880292478290623
BTC,ETH,WTC,0.020882,0.001295,2.72e-05,0.5835695999473423
BTC,ETH,ENG,0.020882,0.0011883,2.491e-05,0.3865523028888651
BTC,ETH,XEM,0.020882,0.00019532,4.07e-06,-0.21262409651233716
BTC,ETH,ARN,0.020882,0.00056706,1.179e-05,-0.43362398168804717
BTC,ETH,RLC,0.020882,0.001841,3.851e-05,0.17229843426873614
BTC,ETH,NEO,0.020882,0.050293,0.001049,-0.11601643713684551
BTC,ETH,HC,0.020882,0.005148,0.0001063,-1.1167721061409397
BTC,ETH,EVX,0.020882,0.0008049,1.68e-05,-0.047131347315076955
